"","rules","support","confidence","lift","count"
"1","{LOTR1} => {LOTR2}",0.2,1,5,2
"2","{LOTR2} => {LOTR1}",0.2,1,5,2
"3","{Green Mile} => {Sixth Sense}",0.2,1,1.66666666666667,2
"4","{Patriot} => {Gladiator}",0.6,1,1.42857142857143,6
"5","{Gladiator} => {Patriot}",0.6,0.857142857142857,1.42857142857143,6
"6","{Sixth Sense} => {Gladiator}",0.5,0.833333333333333,1.19047619047619,5
"7","{Patriot,Sixth Sense} => {Gladiator}",0.4,1,1.42857142857143,4
"8","{Gladiator,Sixth Sense} => {Patriot}",0.4,0.8,1.33333333333333,4
